Workbook

Sheet Kalender
A1: KALENDER KONTEN — SHAPE INDONESIA EXECUTIVE FORUM di IG @eventime.indonesia (Sep–Des 2026)
A2: Legenda: | B2: Regular (evergreen, tanpa CTA keras) | D2: Campaign (terikat sesi webinar) | G2: Segmen B2B | H2: Segmen B2C
A3: C = Carousel (C01-C17), R = Reels/Story (R01-R15). File PPTX dan folder ada di repo GitHub; tautan memakai branch kerja. Setelah branch di-merge, ganti ke 'main' (lihat sheet Catatan).
Q4: Produksi & file | U4: Review & upload | X4: Vanity Metrics (isi manual dari Insights)
A5: Id Content | B5: Bulan | C5: Minggu | D5: Tipe | E5: Segmen | F5: Sesi Webinar Terkait | G5: Pilar/Topik | H5: Platform Utama | I5: Format | J5: Brief Konten | K5: CTA / Interaksi | L5: Funnel Stage | M5: Draft Caption / Hook | N5: Brief Footage Shoot / Visual Design | O5: Jam Posting Rekomendasi (WIB) | P5: Hari Posting Disarankan | Q5: Status Produksi | R5: File PPTX (repo) | S5: Folder Carousel (repo) | T5: Link Konten (Drive) | U5: Note / Revisi | V5: Caption (siap copas) | W5: Link Konten Upload | X5: Like | Y5: Comment | Z5: Share | AA5: Save | AB5: Repost | AC5: Total Engagement | AD5: Id Lama
A6: R01 | B6: September | C6: Minggu 1 | D6: Regular | E6: B2C | F6: - | G6: Mind Power | H6: Instagram | I6: Reels | J6: Relatable: susah fokus kerja padahal cuma scroll HP 5 menit jadi 1 jam | K6: Ajak komen relate | L6: Awareness | M6: ‘Buka HP niatnya cek jam doang... 1 jam kemudian.’ Fokus itu skill, bukan bakat 😅 | N6: 1) Medium shot orang duduk pegang HP, ekspresi santai. 2) Insert layar HP nunjukin scroll timeline cepat (jump cut). 3) Cutaway jam dinding/jam HP loncat dari '17.00' ke '18.00'. 4) Ending: ekspresi kaget + teks overlay 'Fokus itu skill, bukan bakat 😅'. Framing eye-level, pencahayaan natural/warm, rasio 9:16. Teks overlay pakai highlight box #4B7B98 di atas video (bukan background gradient statis — ini format video, bukan carousel). | O6: 15.00-17.00 (jeda sore) atau 19.00-22.00 (prime time malam) — hindari pagi krn Reels butuh 'mood santai scroll', bukan buru-buru | P6: Minggu malam (18.00-21.00) — manfaatkan momen 'Sunday Scaries', konten reflektif paling nempel di jam ini | Q6: Belum dikerjakan (di luar skill carousel) | AC6: =SUM(X6:AB6) | AD6: R01
A7: C01 | B7: September | C7: Minggu 1 | D7: Regular | E7: B2C | F7: - | G7: Health | H7: Instagram | I7: Carousel | J7: Edukasi ringan: bedanya 'sehat' dan 'sekadar gak sakit' | K7: Simpan & share ke teman | L7: Awareness | M7: 3 tanda kamu 'gak sakit' tapi belum tentu 'sehat' — nomor 2 sering diremehkan | N7: Template A. 3 slide: judul 'Sehat vs Sekadar Gak Sakit', body pakai highlight box per poin, slide penutup ajakan simpan. | O7: 12.00-13.00 (istirahat siang) atau 19.00-21.00 (malam santai) — butuh audiens yg gak buru-buru krn perlu swipe & baca | P7: Selasa siang atau Minggu malam — butuh audiens yg punya waktu fokus baca/swipe | Q7: Draft jadi | R7: C01.pptx | S7: C01-sehat-vs-gak-sakit | T7: Folder Drive C01 | U7: Tanda #3 ditambahkan (plan hanya merinci 2 tanda). Merah digeser jadi 1x di 'ngerasa cukup'. Folder Drive baru berisi caption. | V7: 3 tanda kamu "gak sakit" tapi belum tentu "sehat" — nomor 2 sering diremehkan. Selama gak ada yang sakit, kita sering ngerasa semuanya baik-baik aja. Padahal ada tanda kecil yang gampang kelewat: 1. Gampang capek & susah fokus 2. Jarang gerak, tapi ngerasa udah cukup gerak 3. Cek badan baru kalau ada keluhan Kalau salah satunya kamu banget, bukan berarti ada yang salah. Itu cuma sinyal buat mulai ngurus badan lebih awal. Simpan postingan ini biar inget lagi 📌 dan kirim ke teman yang suka bilang "gue sehat kok". Follow @shape.indonesia buat obrolan wellness lainnya. #ShapeIndonesia #LiveBetterLongerFitter #HidupSehat #Health | AC7: =SUM(X7:AB7) | AD7: C01
A8: R02 | B8: September | C8: Minggu 2 | D8: Regular | E8: B2C | F8: - | G8: Fitness | H8: Instagram | I8: Reels | J8: Relatable: niat lari Car Free Day, sampai lokasi malah jajan/nongkrong doang | K8: Ajak komen relate / tag teman | L8: Awareness | M8: Niat: lari pagi di Car Free Day. Realita: jajan cimol & nongkrong doang 😂 | N8: 1) Wide shot suasana Car Free Day ramai (orang jalan/sepeda/lari), kucing/hewan ASLI di pinggir jalan dgn ekspresi semangat, pagi hari cerah. 2) Medium shot kucing/hewan noleh ke arah deretan gerobak jajanan (cimol/es kelapa/cilok). 3) Cutaway kucing/hewan 'duduk' deket jajanan, properti olahraga (botol minum/handuk kecil) tergeletak gak kepake. 4) Ending: freeze frame kucing/hewan santai sambil 'jajan' + teks overlay 'Realita: jajan & nongkrong doang 😂'. WAJIB foto/video hewan ASLI candid di lokasi CFD asli (gratis, gampang diakses), bukan AI/stock. | O8: 15.00-17.00 (jeda sore) atau 19.00-22.00 (prime time malam) — hindari pagi krn Reels butuh 'mood santai scroll', bukan buru-buru | P8: Rabu atau Sabtu — jeda tengah minggu & santai akhir pekan, mood 'cari hiburan ringan' | Q8: Belum dikerjakan (di luar skill carousel) | AC8: =SUM(X8:AB8) | AD8: R02
A9: C02 | B9: September | C9: Minggu 2 | D9: Regular | E9: B2C | F9: - | G9: Nutrition | H9: Instagram | I9: Carousel | J9: Edukasi: mitos vs fakta soal 'detox' yang lagi tren | K9: Simpan & share | L9: Awareness | M9: Detox teh pelangsing vs minum air putih cukup — mana yang beneran kerja? | N9: Template A. Search-bar mockup berisi 'Detox: mitos atau fakta?' lalu poin fakta di highlight box di bawahnya. | O9: 12.00-13.00 (istirahat siang) atau 19.00-21.00 (malam santai) — butuh audiens yg gak buru-buru krn perlu swipe & baca | P9: Selasa siang atau Minggu malam — butuh audiens yg punya waktu fokus baca/swipe | Q9: Referensi (belum PPTX) | U9: Referensi visual dari user (konten 4, detox) belum dibuat ulang sebagai PPTX. | AC9: =SUM(X9:AB9) | AD9: C02
A10: C03 | B10: September | C10: Minggu 3 | D10: Campaign | E10: B2B | F10: Sesi 1 - Kickoff (27 Sept) | G10: Shape Expert Network Launch | H10: Instagram + LinkedIn | I10: Carousel/Story | J10: Teaser H-7: pengumuman peluncuran Shape Expert Network — 3 pakar (Mind, Fitness, Nutrition) akan ngobrol bareng | K10: Follow @shape.indonesia / cek link di bio | L10: Interest | M10: Tanggal 27 September, 3 pakar duduk bareng ngobrolin 'Triangle of Life' — gerak, mikir, pulih. Siapa yang penasaran? | N10: Template A + foto profesional 3 speaker (bukan ilustrasi) ditempel di atas background grid biru. Judul 'Triangle of Life' pakai highlight box besar, tanggal 27 Sept jadi accent box merah. | O10: Carousel: 12.00-13.00. Story pendukung: 07.00-08.00 & 19.00-21.00 | P10: Selasa-Kamis — hindari Senin (masih beres2 kerjaan) & Jumat/weekend (mode kerja sudah 'off') | Q10: Referensi (belum PPTX) | U10: Referensi visual dari user (konten 1, Expert Network Launch, gaya playful) belum dibuat ulang sebagai PPTX. Butuh foto 3 pembicara. | AC10: =SUM(X10:AB10) | AD10: C03
A11: R03 | B11: September | C11: Minggu 3 | D11: Regular | E11: B2C | F11: - | G11: Longevity & Biohacking | H11: Instagram | I11: Reels | J11: Edukasi ringan: kebiasaan sederhana yang sering disebut 'biohacking' padahal cuma pola dasar (tidur cukup, jalan kaki) | K11: Ajak komen pengalaman | L11: Awareness | M11: ‘Biohacking’ kadang cuma nama keren buat tidur 7 jam & jalan kaki 30 menit. Setuju? | N11: 1) Medium shot orang tidur nyenyak jam malam (representasi 'tidur cukup'). 2) Cutaway orang jalan kaki santai pagi hari, natural light. 3) Text overlay animasi 'biohacking = kebiasaan dasar' pakai highlight box #4B7B98. 4) Ending: freeze + logo kecil Shape di pojok. Nuansa tenang, warm tone, tempo edit lambat (bukan cepat/hype). | O11: 15.00-17.00 (jeda sore) atau 19.00-22.00 (prime time malam) — hindari pagi krn Reels butuh 'mood santai scroll', bukan buru-buru | P11: Rabu atau Sabtu — jeda tengah minggu & santai akhir pekan, mood 'cari hiburan ringan' | Q11: Belum dikerjakan (di luar skill carousel) | AC11: =SUM(X11:AB11)
A12: R04 | B12: September | C12: Minggu 4 | D12: Campaign | E12: B2B | F12: Sesi 1 - Kickoff (27 Sept) | G12: Triangle of Life: Mind + Fitness + Nutrition | H12: Instagram + LinkedIn | I12: Reels/Story highlight | J12: Speaker highlight H-2: perkenalkan 3 speaker satu-satu via Story, foto profesional, no data klaim | K12: Save tanggal / daftar via link bio (LinkedIn Live) | L12: Consideration | M12: Kenalan sama 3 nama di balik sesi pembuka Shape Expert Network — siapa favoritmu? | N12: Story series 3 FRAME berurutan (bukan carousel slide, tapi 3x posting Story terpisah 1 speaker/frame): foto headshot profesional tiap pakar dgn nama + peran (Mind & Resilience / Fitness & Performance / Nutrition Specialist) di bawahnya dlm highlight box, background solid gradient Shape, link sticker 'Daftar via bio'. Konsisten template frame di ketiga Story agar terasa satu rangkaian saat dibuka berurutan. | O12: Reels: 15.00-17.00. Story: 12.00-13.00 & 19.00-21.00 | P12: Selasa-Kamis — hindari Senin (masih beres2 kerjaan) & Jumat/weekend (mode kerja sudah 'off') | Q12: Belum dikerjakan (di luar skill carousel) | AC12: =SUM(X12:AB12)
A13: C04 | B13: September | C13: Minggu 4 | D13: Campaign | E13: B2B | F13: Sesi 1 - Kickoff (27 Sept) | G13: Recap Kickoff | H13: Instagram | I13: Carousel recap | J13: Recap H+2: cuplikan momen sesi, kutipan singkat non-data dari speaker, ucapan terima kasih ke Founding Circle Partners | K13: Follow @shape.indonesia utk sesi berikutnya | L13: Consideration | M13: Sesi pembuka udah kelar — makasih buat yang nonton & Founding Circle Partners yang udah gabung 🙌 | N13: Template A. Slide 1 highlight box 'Sesi Kickoff Selesai', slide berikut kutipan singkat per speaker dalam highlight box, slide akhir logo Founding Circle Partners dijajar rapi. | O13: 19.00-21.00 (malam, saat orang re-cap hari & lebih reflektif) | P13: Selasa-Kamis — hindari Senin (masih beres2 kerjaan) & Jumat/weekend (mode kerja sudah 'off') | Q13: Draft + menunggu aset/data | R13: C04.pptx | S13: C04-recap-kickoff | U13: Butuh: kutipan asli 3 pembicara, foto momen sesi, headshot, 5 logo Founding Circle. Jadwal asli H+2 (29 Sept) sudah lewat: posting sekarang atau gabung ke recap lain? | V13: Sesi pembuka udah kelar — makasih buat yang nonton & Founding Circle Partners yang udah gabung 🙌 Terima kasih sudah ikut Sesi 1 Shape Expert Network. Tiga pakar, satu obrolan tentang Triangle of Life: Mind, Fitness, dan Nutrition. Kutipan dari masing-masing pembicara ada di slide, geser ya. Terima kasih juga untuk Founding Circle Partners yang sudah membangun ekosistem wellness Indonesia bersama Shape. Follow @shape.indonesia supaya tidak ketinggalan sesi berikutnya. #ShapeIndonesia #ShapeExpertNetwork #LiveBetterLongerFitter #Wellness | AC13: =SUM(X13:AB13) | AD13: C04
A14: R05 | B14: Oktober | C14: Minggu 1 | D14: Regular | E14: B2C | F14: - | G14: Aesthetics | H14: Instagram | I14: Reels | J14: Relatable: skincare rutin niat 10 langkah, real-nya cuma sabun muka & pelembap | K14: Ajak komen relate | L14: Awareness | M14: 10-step skincare di teori. Sabun muka + pelembap di realita 😅 kamu tim mana? | N14: 1) Flat lay rak skincare penuh botol (aesthetic, top-down), kucing/hewan ASLI masuk frame di sisi. 2) Cutaway kucing/hewan 'menyentuh' cuma 2 botol dari banyaknya botol di rak. 3) Ekspresi kucing/hewan santai/selesai cepat. 4) Ending teks overlay '10-step di teori, sabun muka+pelembap di realita 😅' + logo. Lighting terang & bersih. WAJIB foto/video ASLI candid, bukan AI/stock. | O14: 15.00-17.00 (jeda sore) atau 19.00-22.00 (prime time malam) — hindari pagi krn Reels butuh 'mood santai scroll', bukan buru-buru | P14: Rabu atau Sabtu — jeda tengah minggu & santai akhir pekan, mood 'cari hiburan ringan' | Q14: Belum dikerjakan (di luar skill carousel) | AC14: =SUM(X14:AB14)
A15: C05 | B15: Oktober | C15: Minggu 1 | D15: Regular | E15: B2C | F15: - | G15: Mind Power | H15: Instagram | I15: Carousel | J15: Edukasi: tanda burnout ringan yang sering diabaikan pekerja kantoran | K15: Simpan & share | L15: Awareness | M15: 5 tanda kamu butuh 'reset' — bukan liburan mahal, cukup istirahat yang bener | N15: Template A. Judul '5 Tanda Butuh Reset' pakai search-bar mockup, tiap tanda dalam highlight box terpisah per slide/baris. | O15: 12.00-13.00 (istirahat siang) atau 19.00-21.00 (malam santai) — butuh audiens yg gak buru-buru krn perlu swipe & baca | P15: Minggu malam (18.00-21.00) — manfaatkan momen 'Sunday Scaries', konten reflektif paling nempel di jam ini | Q15: Draft jadi | R15: C05.pptx | S15: C05-5-tanda-reset | U15: 5 tanda dipadatkan di 1 slide checklist (total 4 slide). Keputusan user. | V15: 5 tanda kamu butuh "reset" — bukan liburan mahal, cukup istirahat yang bener. Kalau salah satunya kamu banget, tenang, itu bukan berarti kamu lemah. Badan dan kepala cuma minta jeda. Simpan postingan ini dan kirim ke teman yang lagi butuh reset. 📌 Follow @shape.indonesia untuk obrolan wellness lainnya. #MindPower #ShapeIndonesia #LiveBetterLongerFitter | AC15: =SUM(X15:AB15) | AD15: C05
A16: C06 | B16: Oktober | C16: Minggu 2 | D16: Campaign | E16: B2B | F16: Sesi 2 - Health | G16: Preventive & Consumer Health | H16: Instagram + LinkedIn | I16: Carousel | J16: Teaser H-7: topik preventive health utk gym/klinik owner & wellness business decision maker — framing 'cegah lebih murah dari obati' tanpa data agresif | K16: Cek LinkedIn Events / DM utk info partnership | L16: Interest | M16: Preventive health bukan cuma tren, tapi peluang bisnis wellness yang sedang naik. Sesi 2 Shape Expert Network segera hadir. | N16: Template A, versi lebih formal (kurangi elemen meme, pertahankan gradient+grid). Judul 'Preventive Health: Peluang Bisnis Wellness' dlm highlight box besar, foto/ikon profesional (bukan kucing). | O16: 12.00-13.00 (istirahat siang) atau 19.00-21.00 (malam santai) — butuh audiens yg gak buru-buru krn perlu swipe & baca | P16: Selasa-Kamis — hindari Senin (masih beres2 kerjaan) & Jumat/weekend (mode kerja sudah 'off') | Q16: Draft + menunggu aset/data | R16: C06.pptx | S16: C06-sesi2-preventive-health | U16: Butuh tanggal & jam Sesi 2 (slide 3 masih 'Segera hadir') dan cek link LinkedIn Events di bio. Foto profesional generik opsional. | V16: Preventive health bukan cuma tren, tapi peluang bisnis wellness yang sedang naik. Sesi 2 Shape Expert Network segera hadir. Konsumen mulai bergeser dari reaktif ke preventif. Buat pemilik gym, klinik, dan pelaku bisnis wellness, ini saat yang tepat untuk membaca arahnya bersama. Sesi 2 membahas Preventive & Consumer Health, khusus 200+ profesional terpilih. Cek LinkedIn Events di bio untuk informasinya. #ShapeIndonesia #ShapeExpertNetwork #PreventiveHealth #WellnessBusiness #LiveBetterLongerFitter | AC16: =SUM(X16:AB16) | AD16: C06
A17: R06 | B17: Oktober | C17: Minggu 2 | D17: Regular | E17: B2C | F17: - | G17: Health | H17: Instagram | I17: Reels | J17: Relatable: medical check-up ditunda-tunda dgn alasan 'nanti aja kalau sempat' | K17: Ajak komen relate | L17: Awareness | M17: ‘Nanti aja medical check-up-nya’ — udah berapa lama kalimat ini dipakai? 👀 | N17: 1) Medium shot kucing/hewan ASLI 'melihat' notifikasi reminder (props HP), lalu berbalik badan/menutup mata (gesture 'menunda'). 2) Cutaway kalender dgn tulisan 'medical check-up' dicoret berkali-kali tiap bulan. 3) Ending teks overlay '"Nanti aja" — udah berapa lama? 👀' + logo. Tone santai, komedik ringan. WAJIB foto/video ASLI candid, bukan AI/stock. | O17: 15.00-17.00 (jeda sore) atau 19.00-22.00 (prime time malam) — hindari pagi krn Reels butuh 'mood santai scroll', bukan buru-buru | P17: Rabu atau Sabtu — jeda tengah minggu & santai akhir pekan, mood 'cari hiburan ringan' | Q17: Belum dikerjakan (di luar skill carousel) | AC17: =SUM(X17:AB17)
A18: R07 | B18: Oktober | C18: Minggu 3 | D18: Campaign | E18: B2C | F18: Sesi 3 - Health | G18: Health versi konsumen | H18: Instagram | I18: Reels/Story | J18: Live Story sesi konsumen: cuplikan singkat insight kesehatan dari webinar, dikemas ringan untuk followers umum | K18: Follow @shape.indonesia | L18: Consideration | M18: Insight kesehatan yang biasanya cuma didengar profesional, sekarang bisa kamu tonton juga 👀 | N18: Video/Reels highlight: cuplikan singkat (15-20 detik) suasana webinar sesi konsumen — screen-record materi + reaksi host, subtitle bold dlm highlight box #4B7B98 di layar. Overlay stiker 'Follow @shape.indonesia' di akhir. Rasio 9:16, potong dari rekaman live jadi vertikal. | O18: Reels: 15.00-17.00 atau 19.00-22.00. Story: 07.00-08.00 & 12.00-13.00 | P18: Kamis-Sabtu — audiens mulai masuk mode santai, lebih terbuka coba hal baru drpd awal minggu | Q18: Belum dikerjakan (di luar skill carousel) | AC18: =SUM(X18:AB18)
A19: C07 | B19: Oktober | C19: Minggu 3 | D19: Regular | E19: B2C | F19: - | G19: Fitness | H19: Instagram | I19: Carousel | J19: Edukasi: olahraga 15 menit di rumah tetap punya manfaat, gak harus 1 jam di gym | K19: Simpan & share | L19: Awareness | M19: 15 menit gerak di rumah > niat 1 jam ke gym yang gak jadi-jadi | N19: Template A. Highlight box '15 menit di rumah' vs box lain '1 jam niat ke gym' — 2 box berdampingan sbg perbandingan visual. | O19: 12.00-13.00 (istirahat siang) atau 19.00-21.00 (malam santai) — butuh audiens yg gak buru-buru krn perlu swipe & baca | P19: Selasa siang atau Minggu malam — butuh audiens yg punya waktu fokus baca/swipe | Q19: Draft jadi | R19: C07.pptx | S19: C07-15-menit-vs-gym | U19: Lima ide gerakan di slide 3 adalah saran umum; cek dengan pembicara Fitness. Tanpa klaim kesehatan. | V19: 15 menit gerak di rumah > niat 1 jam ke gym yang gak jadi-jadi. Bukan berarti gym itu salah. Tapi olahraga yang pendek, dekat, dan gampang dimulai sering lebih jalan daripada rencana besar yang berhenti di niat. Mulai dari yang kecil dulu, di slide ada 5 ide gerakan yang bisa dicoba hari ini. Simpan biar inget lagi 📌 dan kirim ke teman yang masih niat-niat aja ke gym. Follow @shape.indonesia untuk obrolan wellness lainnya. #ShapeIndonesia #LiveBetterLongerFitter #Fitness #OlahragaDiRumah | AC19: =SUM(X19:AB19) | AD19: C01
A20: R08 | B20: Oktober | C20: Minggu 4 | D20: Regular | E20: B2C | F20: - | G20: Nutrition | H20: Instagram | I20: Reels | J20: Relatable: niat meal prep sehat, minggu kedua udah nyerah balik ke nasi padang | K20: Ajak komen relate | L20: Awareness | M20: Meal prep minggu 1: niat 100%. Minggu 2: nasi padang menang 😂 | N20: 1) Wide shot meal prep box rapi tersusun (minggu 1), kucing/hewan ASLI mengendus penasaran. 2) Cut ke box kosong/berantakan + bungkus nasi padang (minggu 2), kucing/hewan dgn ekspresi pasrah di sampingnya. 3) Teks overlay perbandingan 'Minggu 1: niat 100%. Minggu 2: nasi padang menang 😂'. Gaya split-screen/before-after transition cepat. WAJIB foto/video ASLI candid, bukan AI/stock. | O20: 15.00-17.00 (jeda sore) atau 19.00-22.00 (prime time malam) — hindari pagi krn Reels butuh 'mood santai scroll', bukan buru-buru | P20: Rabu atau Sabtu — jeda tengah minggu & santai akhir pekan, mood 'cari hiburan ringan' | Q20: Belum dikerjakan (di luar skill carousel) | AC20: =SUM(X20:AB20)
A21: C08 | B21: Oktober | C21: Minggu 4 | D21: Campaign | E21: B2B | F21: Founding Circle Spotlight | G21: Partner Ecosystem | H21: Instagram + LinkedIn | I21: Carousel | J21: Spotlight partner: perkenalkan salah satu Founding Circle Partner (mis. Fit4Go / PPYNI) & alasan mereka gabung ekosistem Shape | K21: Follow & kunjungi partner terkait | L21: Interest | M21: Kenalan sama salah satu Founding Circle Partners yang udah gabung membangun ekosistem wellness Indonesia bareng Shape. | N21: Template A, versi partner-spotlight: logo Founding Circle Partner besar di tengah, highlight box berisi 1 kalimat alasan mereka gabung, foto/produk partner (bukan kucing). | O21: 12.00-13.00 (istirahat siang) atau 19.00-21.00 (malam santai) — butuh audiens yg gak buru-buru krn perlu swipe & baca | P21: Selasa-Kamis — hindari Senin (masih beres2 kerjaan) & Jumat/weekend (mode kerja sudah 'off') | Q21: Draft + menunggu aset/data | R21: C08.pptx | S21: C08-spotlight-founding-circle | U21: TEMPLATE: partner belum ditentukan. Butuh nama partner, bidang, kutipan alasan gabung (disetujui partner), logo, foto/produk, handle IG. | V21: Kenalan sama salah satu Founding Circle Partners yang udah gabung membangun ekosistem wellness Indonesia bareng Shape. [NAMA PARTNER] bergerak di [bidang]. Alasan mereka bergabung ada di slide, geser ya. Follow dan kunjungi [@handle_partner], lalu follow @shape.indonesia untuk kabar sesi Shape Expert Network berikutnya. #ShapeIndonesia #ShapeExpertNetwork #FoundingCircle #LiveBetterLongerFitter | AC21: =SUM(X21:AB21) | AD21: C07
A22: C09 | B22: November | C22: Minggu 1 | D22: Regular | E22: B2C | F22: - | G22: Longevity & Biohacking | H22: Instagram | I22: Carousel | J22: Edukasi ringan: 3 kebiasaan simpel yang berkontribusi ke 'umur panjang aktif' | K22: Simpan & share | L22: Awareness | M22: 3 kebiasaan simpel yang katanya bikin makin panjang umur (dan aktif) — nomor 1 gratis | N22: Template A. Judul '3 Kebiasaan Simpel Umur Panjang Aktif' via highlight box, 3 poin masing-masing box biru terpisah per slide. | O22: 12.00-13.00 (istirahat siang) atau 19.00-21.00 (malam santai) — butuh audiens yg gak buru-buru krn perlu swipe & baca | P22: Selasa siang atau Minggu malam — butuh audiens yg punya waktu fokus baca/swipe | Q22: Draft jadi | R22: C09.pptx | S22: C09-3-kebiasaan-umur-panjang | U22: 3 kebiasaan adalah pilihan umum (plan hanya menyebut 'nomor 1 gratis'). Tanpa angka & klaim. | V22: 3 kebiasaan simpel yang katanya bikin makin panjang umur (dan tetap aktif) — nomor 1 gratis. Bukan hal baru, tapi sering terlewat: tidur cukup dan teratur, gerak kecil tiap hari, dan tetap terhubung dengan orang-orang di sekitar kita. Mulai dari satu dulu, nggak perlu langsung semuanya. Simpan biar inget lagi 📌 dan kirim ke teman yang pengen panjang umur (dan tetap aktif). Follow @shape.indonesia untuk obrolan wellness lainnya. #ShapeIndonesia #LiveBetterLongerFitter #Longevity #HidupSehat | AC22: =SUM(X22:AB22) | AD22: C02
A23: R09 | B23: November | C23: Minggu 1 | D23: Regular | E23: B2C | F23: - | G23: Fitness | H23: Instagram | I23: Reels | J23: Relatable: alarm gym pagi vs realita snooze 5x | K23: Ajak komen relate | L23: Awareness | M23: Alarm: 'bangun, gym time!' Kamu: *snooze* 5x. Siapa senasib? | N23: 1) Close-up HP alarm berbunyi jam gym pagi (props di dekat kucing/hewan ASLI yg lagi tidur). 2) Insert kucing/hewan 'menekan' snooze / bergerak males (jump cut cepat). 3) Cutaway kucing/hewan tidur lagi, sepatu gym belum dipakai di lantai. 4) Ending jam nunjukin siang + teks overlay 'Alarm: bangun, gym time! Kamu: *snooze* 5x 😴'. WAJIB foto/video ASLI candid, bukan AI/stock. | O23: 15.00-17.00 (jeda sore) atau 19.00-22.00 (prime time malam) — hindari pagi krn Reels butuh 'mood santai scroll', bukan buru-buru | P23: Rabu atau Sabtu — jeda tengah minggu & santai akhir pekan, mood 'cari hiburan ringan' | Q23: Belum dikerjakan (di luar skill carousel) | AC23: =SUM(X23:AB23) | AD23: C03
A24: C10 | B24: November | C24: Minggu 2 | D24: Campaign | E24: B2B | F24: Sesi 4 | G24: Longevity & Biohacking | H24: Instagram + LinkedIn | I24: Carousel | J24: Teaser H-7: sesi utk wellness business owner & recovery/biohacking practitioner — angle bisnis, bukan gaya hidup pribadi founder | K24: Cek LinkedIn Events / link bio | L24: Interest | M24: Recovery & biohacking makin jadi peluang bisnis wellness. Sesi Longevity Shape Expert Network segera dibuka. | N24: Template A, versi formal (kurangi elemen meme). Judul 'Recovery & Biohacking: Peluang Bisnis Wellness' dlm highlight box, tanpa foto kucing — pakai foto peralatan recovery generik jika ada. | O24: 12.00-13.00 (istirahat siang) atau 19.00-21.00 (malam santai) — butuh audiens yg gak buru-buru krn perlu swipe & baca | P24: Selasa-Kamis — hindari Senin (masih beres2 kerjaan) & Jumat/weekend (mode kerja sudah 'off') | Q24: Draft + menunggu aset/data | R24: C10.pptx | S24: C10-sesi4-recovery-biohacking | U24: Butuh tanggal & jam Sesi 4 dan cek link LinkedIn Events. 'Pengelola gym/studio/klinik' ditambahkan sendiri. Foto alat recovery generik opsional. | V24: Recovery & biohacking makin jadi peluang bisnis wellness. Sesi Longevity Shape Expert Network segera dibuka. Untuk pemilik bisnis wellness, praktisi recovery dan biohacking, serta pengelola gym, studio, dan klinik: ini kesempatan membaca arah industrinya bersama. Sesi 4 khusus 200+ profesional terpilih. Cek LinkedIn Events di bio untuk informasinya. #ShapeIndonesia #ShapeExpertNetwork #Longevity #Biohacking #WellnessBusiness #LiveBetterLongerFitter | AC24: =SUM(X24:AB24) | AD24: C04
A25: R10 | B25: November | C25: Minggu 2 | D25: Regular | E25: B2C | F25: - | G25: Health | H25: Instagram | I25: Reels | J25: Relatable: kerja WFH tapi lupa gerak dari pagi sampai sore | K25: Ajak komen relate | L25: Awareness | M25: WFH: niatnya fleksibel gerak kapan aja. Realitanya duduk dari jam 8 sampai jam 5 🙃 | N25: 1) Medium shot meja kerja WFH pagi hari, kucing/hewan ASLI duduk di kursi/meja, kopi masih penuh. 2) Time-lapse simulasi (jam berubah pagi->sore) posisi kucing/hewan sama persis, gak gerak. 3) Cutaway kucing/hewan 'meregangkan badan' pegal saat berdiri. 4) Teks overlay 'WFH: niatnya fleksibel gerak kapan aja. Realitanya duduk dari jam 8-5 🙃' + logo. WAJIB foto/video ASLI candid, bukan AI/stock. | O25: 15.00-17.00 (jeda sore) atau 19.00-22.00 (prime time malam) — hindari pagi krn Reels butuh 'mood santai scroll', bukan buru-buru | P25: Rabu atau Sabtu — jeda tengah minggu & santai akhir pekan, mood 'cari hiburan ringan' | Q25: Belum dikerjakan (di luar skill carousel) | AC25: =SUM(X25:AB25) | AD25: C05
A26: R11 | B26: November | C26: Minggu 3 | D26: Campaign | E26: B2C | F26: Sesi 4 (teaser konsumen) | G26: Longevity & Biohacking | H26: Instagram | I26: Reels/Story | J26: Teaser versi konsumen umum: 'apa itu biohacking sebenarnya' dikemas santai, memancing rasa penasaran komunitas | K26: Follow @shape.indonesia | L26: Consideration | M26: Biohacking itu ribet & mahal? Belum tentu. Cek obrolannya bareng @shape.indonesia | N26: Reels talking-head santai: 1) Host/talent duduk santai ngobrol ke kamera 'Biohacking itu apa sih sebenarnya?'. 2) Cutaway ilustrasi sederhana (tidur, jalan kaki, cold shower ringan) dgn teks overlay highlight box. 3) Ending ajakan follow @shape.indonesia. Gaya talking-head casual, bukan studio formal, biar terasa approachable buat B2C. | O26: Reels: 15.00-17.00 atau 19.00-22.00. Story: 07.00-08.00 & 12.00-13.00 | P26: Kamis-Sabtu — audiens mulai masuk mode santai, lebih terbuka coba hal baru drpd awal minggu | Q26: Belum dikerjakan (di luar skill carousel) | AC26: =SUM(X26:AB26) | AD26: C06
A27: C11 | B27: November | C27: Minggu 3 | D27: Regular | E27: B2C | F27: - | G27: Aesthetics | H27: Instagram | I27: Carousel | J27: Edukasi: kandungan skincare yang paling sering disalahpahami | K27: Simpan & share | L27: Awareness | M27: 3 kandungan skincare yang sering disalahartikan — no. 3 paling banyak salah paham | N27: Template A. Judul '3 Kandungan Skincare yg Sering Disalahpahami' via highlight box, 3 poin per slide dgn box biru terpisah. | O27: 12.00-13.00 (istirahat siang) atau 19.00-21.00 (malam santai) — butuh audiens yg gak buru-buru krn perlu swipe & baca | P27: Selasa siang atau Minggu malam — butuh audiens yg punya waktu fokus baca/swipe | Q27: Draft + menunggu aset/data | R27: C11.pptx | S27: C11-3-kandungan-skincare | U27: 3 kandungan (alkohol, retinol, AHA/BHA) dipilih sendiri: setujui atau ganti, dan cek narasumber (dokter kulit/formulator) sebelum posting. | V27: 3 kandungan skincare yang sering disalahartikan — no. 3 paling banyak salah paham. Alkohol, retinol, dan asam (AHA/BHA) sering dianggap "pasti jahat" atau "harus perih biar bekerja". Padahal ceritanya lebih halus: jenisnya berbeda, dan dosis serta frekuensi yang menentukan. Geser buat lihat ringkasannya. Catatan: ini informasi umum dan bukan pengganti saran dokter kulit. Kulit tiap orang beda, jadi mulai pelan dan konsultasikan kalau ragu. Simpan biar gak salah paham lagi 📌 dan kirim ke teman yang lagi hobi skincare. Follow @shape.indonesia untuk obrolan wellness lainnya. #ShapeIndonesia #LiveBetterLongerFitter #Skincare #Aesthetics | AC27: =SUM(X27:AB27) | AD27: C07
A28: R12 | B28: November | C28: Minggu 4 | D28: Regular | E28: B2C | F28: - | G28: Mind Power | H28: Instagram | I28: Reels | J28: Relatable: overthinking sebelum tidur, padahal besok masih jauh urusannya | K28: Ajak komen relate | L28: Awareness | M28: Jam 11 malam otak: 'yuk kita pikirin semua masalah hidup sekarang' 🙃 | N28: 1) Medium shot kucing/hewan ASLI di kasur, mata melek jam malam, lampu kamar redup. 2) Cutaway bubble teks overlay bermunculan cepat (representasi overthinking) di sekitar kucing/hewan. 3) Ending kucing/hewan menghela napas + teks overlay 'Jam 11 malam otak: yuk kita pikirin semua masalah hidup sekarang 🙃'. Lighting gelap-hangat. WAJIB foto/video ASLI candid, bukan AI/stock. | O28: 15.00-17.00 (jeda sore) atau 19.00-22.00 (prime time malam) — hindari pagi krn Reels butuh 'mood santai scroll', bukan buru-buru | P28: Minggu malam (18.00-21.00) — manfaatkan momen 'Sunday Scaries', konten reflektif paling nempel di jam ini | Q28: Belum dikerjakan (di luar skill carousel) | AC28: =SUM(X28:AB28) | AD28: C08
A29: C12 | B29: November | C29: Minggu 4 | D29: Campaign | E29: B2B | F29: Recap Sesi 3 & 4 | G29: Health + Longevity Recap | H29: Instagram + LinkedIn | I29: Carousel recap | J29: Recap gabungan: highlight kutipan non-data dari 2 sesi bulan ini, ucapan terima kasih partner & audiens | K29: Follow utk sesi Desember | L29: Consideration | M29: 2 sesi udah berjalan — makasih buat semua yang ikut & Founding Circle Partners yang terus dukung 🙌 | N29: Template A. Slide 1 highlight box 'Recap Sesi 3 & 4', kutipan singkat tiap sesi dlm box terpisah, slide akhir logo Founding Circle Partners (konsisten dgn layout recap C04). | O29: 19.00-21.00 (malam, saat orang re-cap hari & lebih reflektif) | P29: Selasa-Kamis — hindari Senin (masih beres2 kerjaan) & Jumat/weekend (mode kerja sudah 'off') | Q29: Draft + menunggu aset/data | R29: C12.pptx | S29: C12-recap-sesi-3-4 | U29: Butuh nama pembicara Sesi 3 & 4, kutipan asli, foto momen, 5 logo. Sesi 3 (versi konsumen) ikut recap B2B sesuai plan. | V29: 2 sesi udah berjalan — makasih buat semua yang ikut & Founding Circle Partners yang terus dukung 🙌 Sesi 3 membahas Health dan Sesi 4 membahas Longevity & Biohacking di Shape Expert Network. Kutipan dari masing-masing sesi ada di slide, geser ya. Terima kasih juga untuk Founding Circle Partners yang terus mendukung. Follow @shape.indonesia supaya tidak ketinggalan sesi bulan Desember. #ShapeIndonesia #ShapeExpertNetwork #FoundingCircle #LiveBetterLongerFitter | AC29: =SUM(X29:AB29) | AD29: C09
A30: C13 | B30: Desember | C30: Minggu 1 | D30: Campaign | E30: B2B | F30: Sesi 5 | G30: Aesthetics | H30: Instagram + LinkedIn | I30: Carousel | J30: Teaser H-7: sesi ingredient & tren kecantikan utk brand owner kosmetik/formulator & calon exhibitor Shape Expo 2027 | K30: Cek LinkedIn Events / DM partnership | L30: Interest | M30: Tren ingredient kecantikan 2027 mulai dibahas di sesi Shape Expert Network berikutnya. Buat brand & formulator, ini buat kamu. | N30: Template A, versi formal. Judul 'Tren Ingredient Kecantikan 2027' dlm highlight box besar, foto bahan skincare/lab generik (bukan kucing), tanpa elemen meme. | O30: 12.00-13.00 (istirahat siang) atau 19.00-21.00 (malam santai) — butuh audiens yg gak buru-buru krn perlu swipe & baca | P30: Selasa-Kamis — hindari Senin (masih beres2 kerjaan) & Jumat/weekend (mode kerja sudah 'off') | Q30: Draft + menunggu aset/data | R30: C13.pptx | S30: C13-sesi5-ingredient-kecantikan | U30: Butuh tanggal & jam Sesi 5 dan link LinkedIn Events. Tidak menyebut tren/ingredient tertentu (belum ada sumber). Foto bahan skincare generik opsional. | V30: Tren ingredient kecantikan 2027 mulai dibahas di sesi Shape Expert Network berikutnya. Buat brand & formulator, ini buat kamu. Sesi 5 mengangkat Aesthetics untuk pemilik brand kosmetik, formulator, dan calon exhibitor Shape Indonesia Expo 2027. Khusus 200+ profesional terpilih. Cek LinkedIn Events di bio atau DM kami untuk informasi partnership. #ShapeIndonesia #ShapeExpertNetwork #Aesthetics #BeautyIndustry #LiveBetterLongerFitter | AC30: =SUM(X30:AB30) | AD30: C10
A31: R13 | B31: Desember | C31: Minggu 1 | D31: Regular | E31: B2C | F31: - | G31: Aesthetics | H31: Instagram | I31: Reels | J31: Relatable: skincare shelf penuh tapi tetap bingung pakai yang mana duluan | K31: Ajak komen relate | L31: Awareness | M31: Skincare shelf isinya 10 botol, tapi tetep bingung urutan pakainya yang mana dulu 😩 | N31: 1) Flat lay rak skincare 10 botol tersusun rapi (top-down, aesthetic), kucing/hewan ASLI di sampingnya. 2) Cutaway kucing/hewan 'bingung' bergantian dekati 2-3 botol. 3) Teks overlay urutan yg benar muncul di akhir sbg bonus value. 4) Ending logo. Lighting terang, warna soft pastel. WAJIB foto/video ASLI candid, bukan AI/stock. | O31: 15.00-17.00 (jeda sore) atau 19.00-22.00 (prime time malam) — hindari pagi krn Reels butuh 'mood santai scroll', bukan buru-buru | P31: Rabu atau Sabtu — jeda tengah minggu & santai akhir pekan, mood 'cari hiburan ringan' | Q31: Belum dikerjakan (di luar skill carousel) | AC31: =SUM(X31:AB31) | AD31: C11
A32: C14 | B32: Desember | C32: Minggu 2 | D32: Regular | E32: B2C | F32: - | G32: Nutrition | H32: Instagram | I32: Carousel | J32: Edukasi: label 'natural' di kemasan makanan gak selalu berarti lebih sehat | K32: Simpan & share | L32: Awareness | M32: ‘Natural’ di label kemasan — beneran lebih sehat atau cuma strategi marketing? | N32: Template A. Search-bar mockup 'Natural = lebih sehat?' lanjut highlight box jawaban reflektif singkat. | O32: 12.00-13.00 (istirahat siang) atau 19.00-21.00 (malam santai) — butuh audiens yg gak buru-buru krn perlu swipe & baca | P32: Selasa siang atau Minggu malam — butuh audiens yg punya waktu fokus baca/swipe | Q32: Draft jadi | R32: C14.pptx | S32: C14-natural-label | U32: Jawaban dibuat umum, tanpa kutipan regulasi (belum ada sumber). 4 hal yang dicek adalah saran umum. | V32: "Natural" di label kemasan — beneran lebih sehat atau cuma strategi marketing? Kata "natural" di depan kemasan tidak otomatis berarti lebih sehat. Yang lebih bisa diandalkan adalah membaca bagian belakangnya: komposisi, kandungan gula, takaran saji, dan urutan bahan. Geser buat daftar singkatnya. Simpan biar gak ketipu label 📌 dan kirim ke teman yang suka belanja sehat. Follow @shape.indonesia untuk obrolan wellness lainnya. #ShapeIndonesia #LiveBetterLongerFitter #Nutrition #BacaLabel | AC32: =SUM(X32:AB32) | AD32: C12
A33: R14 | B33: Desember | C33: Minggu 2 | D33: Regular | E33: B2C | F33: - | G33: Fitness | H33: Instagram | I33: Reels | J33: Relatable: resolusi olahraga tahun baru yang biasanya berakhir minggu ke-2 Januari | K33: Ajak komen relate / share pengalaman tahun lalu | L33: Awareness | M33: Prediksi: resolusi 'rutin gym 2027' bertahan sampai minggu ke berapa? Jujur di komen 😅 | N33: 1) Medium shot kucing/hewan ASLI 'menulis' (props notes/planner) resolusi 'rutin gym 2027'. 2) Cutaway kalender random hari (minggu ke-2 Januari) dicoret dgn tulisan 'nyerah', kucing/hewan pasrah di sampingnya. 3) Ekspresi kucing/hewan jujur ke kamera. 4) Teks overlay ajakan tebak-tebakan di komen. Tone komedik ringan, warm lighting. WAJIB foto/video ASLI candid, bukan AI/stock. | O33: 15.00-17.00 (jeda sore) atau 19.00-22.00 (prime time malam) — hindari pagi krn Reels butuh 'mood santai scroll', bukan buru-buru | P33: Rabu atau Sabtu — jeda tengah minggu & santai akhir pekan, mood 'cari hiburan ringan' | Q33: Belum dikerjakan (di luar skill carousel) | AC33: =SUM(X33:AB33) | AD33: C13
A34: R15 | B34: Desember | C34: Minggu 3 | D34: Campaign | E34: B2C | F34: Sesi 6 - BONUS | G34: Literasi Keuangan & Investasi | H34: Instagram | I34: Reels/Story | J34: Konten bonus konsumen muda: kaitkan kesehatan & masa depan finansial ('sehat itu investasi juga') | K34: Follow @shape.indonesia | L34: Consideration | M34: Investasi itu bukan cuma soal uang — badan sehat juga aset masa depan. Ada obrolan bonus soal ini di Shape Expert Network. | N34: Reels talking-head + b-roll: 1) Host ngomong 'sehat itu investasi juga' ke kamera. 2) Cutaway ilustrasi grafik naik sederhana disandingkan org olahraga, teks overlay highlight box. 3) Ending logo Shape + CTA follow. Gaya approachable, warna kuning-emas ringan simbol 'investasi' dipadu biru Shape. | O34: Reels: 15.00-17.00 atau 19.00-22.00. Story: 07.00-08.00 & 12.00-13.00 | P34: Kamis-Sabtu — audiens mulai masuk mode santai, lebih terbuka coba hal baru drpd awal minggu | Q34: Belum dikerjakan (di luar skill carousel) | AC34: =SUM(X34:AB34) | AD34: C14
A35: C15 | B35: Desember | C35: Minggu 3 | D35: Regular | E35: B2C | F35: - | G35: Health | H35: Instagram | I35: Carousel | J35: Edukasi ringan: kebiasaan akhir tahun yang diam-diam bikin badan cepat lelah (begadang, kurang gerak, makan gak teratur) | K35: Simpan & share | L35: Awareness | M35: 3 kebiasaan akhir tahun yang bikin badan 'ngedrop' di Januari — cek kebiasaanmu | N35: Template A. Judul '3 Kebiasaan Akhir Tahun yg Bikin Ngedrop' via highlight box, 3 poin per slide dgn box biru terpisah. | O35: 12.00-13.00 (istirahat siang) atau 19.00-21.00 (malam santai) — butuh audiens yg gak buru-buru krn perlu swipe & baca | P35: Selasa siang atau Minggu malam — butuh audiens yg punya waktu fokus baca/swipe | Q35: Draft jadi | R35: C15.pptx | S35: C15-kebiasaan-akhir-tahun | U35: Aksen merah di 'Januari'. Tanpa klaim medis. | V35: 3 kebiasaan akhir tahun yang bikin badan "ngedrop" di Januari — cek kebiasaanmu. Begadang terus-terusan, kurang gerak selama libur, dan makan yang nggak teratur. Akhir tahun memang padat dan seru, tapi badan ikut menagih. Nggak perlu langsung berubah semua, pilih satu yang paling kamu banget. Simpan & cek kebiasaanmu 📌 dan kirim ke teman yang akhir tahunnya padat. Follow @shape.indonesia untuk obrolan wellness lainnya. #ShapeIndonesia #LiveBetterLongerFitter #Health #AkhirTahun | AC35: =SUM(X35:AB35) | AD35: C15
A36: C16 | B36: Desember | C36: Minggu 4 | D36: Campaign | E36: B2B | F36: Sesi 7 - CLOSING | G36: Sampai Jumpa di 2027 | H36: Instagram + LinkedIn | I36: Carousel + Story | J36: Closing campaign: rekap seluruh rangkaian Shape Expert Network 2026, ajakan early-bird booth Shape Indonesia Expo 2027, ucapan terima kasih ke seluruh partner & audiens | K36: Cek info early-bird booth via DM/link bio | L36: Conversion (Lead ke Expo 2027) | M36: Rangkaian Shape Expert Network 2026 resmi ditutup — terima kasih sudah jadi bagian dari perjalanan ini. Sampai jumpa di Shape Indonesia Expo 2027, 8-10 Oktober, NICE PIK 2 🎉 | N36: Template A, versi closing — timeline mini 6 sesi dlm highlight box berurutan, foto cuplikan momen tiap bulan (kolase asli dari dokumentasi event, bukan stock), slide akhir mockup venue NICE PIK 2 + tanggal dlm accent box merah. | O36: Carousel: 19.00-21.00 (momen reflektif/penutup). Story pendukung: 07.00-08.00 & 12.00-13.00 | P36: Selasa-Kamis — hindari Senin (masih beres2 kerjaan) & Jumat/weekend (mode kerja sudah 'off') | Q36: Draft + menunggu aset/data | R36: C16.pptx | S36: C16-closing-sampai-jumpa-2027 | U36: Butuh kolase foto dokumentasi asli & mockup/foto venue NICE PIK 2. Brief menyebut 'timeline 6 sesi' padahal Sesi 1-7: di PPTX dikelompokkan per bulan. Tanggal Expo 8-10 Okt 2027 (ikut plan; proposal sponsorship 5-7 Okt). | V36: Rangkaian Shape Expert Network 2026 resmi ditutup — terima kasih sudah jadi bagian dari perjalanan ini. Dari Kickoff sampai Closing, terima kasih untuk semua yang hadir, bertanya, dan mendukung. Sampai jumpa di Shape Indonesia Expo 2027, 8-10 Oktober, NICE PIK 2 🎉 Untuk info early-bird booth, DM kami atau cek link di bio. #ShapeIndonesia #ShapeIndonesiaExpo2027 #ShapeExpertNetwork #LiveBetterLongerFitter | AC36: =SUM(X36:AB36) | AD36: C16
A37: C17 | B37: Desember | C37: Minggu 4 | D37: Campaign | E37: B2B | F37: Founding Circle Spotlight | G37: Year-End Recap | H37: Instagram + LinkedIn | I37: Carousel | J37: Spotlight seluruh Founding Circle Partners (Fit4Go, PPYNI, Bisa Gerak, Lux Entertainment, Dreya Communications) sebagai penutup tahun | K37: Follow seluruh partner | L37: Interest | M37: Ekosistem wellness Indonesia dibangun bareng-bareng — terima kasih Founding Circle Partners atas kepercayaannya tahun ini. | N37: Template A, versi partner recap — grid 5 logo Founding Circle Partners rapi simetris di atas background gradient standar, highlight box ucapan terima kasih. | O37: 12.00-13.00 (istirahat siang) atau 19.00-21.00 (malam santai) — butuh audiens yg gak buru-buru krn perlu swipe & baca | P37: Selasa-Kamis — hindari Senin (masih beres2 kerjaan) & Jumat/weekend (mode kerja sudah 'off') | Q37: Draft + menunggu aset/data | R37: C17.pptx | S37: C17-spotlight-founding-circle-recap | U37: Butuh 5 logo & handle IG partner. Sebaiknya beda hari dengan C16 (sama-sama Des W4). | V37: Ekosistem wellness Indonesia dibangun bareng-bareng — terima kasih Founding Circle Partners atas kepercayaannya tahun ini. Fit4Go, PPYNI, Bisa Gerak, Lux Entertainment, dan Dreya Communications: terima kasih sudah membangun ekosistem ini bersama Shape. Follow akun mereka: [@handle_Fit4Go] [@handle_PPYNI] [@handle_BisaGerak] [@handle_LuxEntertainment] [@handle_Dreya] Follow @shape.indonesia untuk kabar Shape Indonesia Expo 2027. #ShapeIndonesia #FoundingCircle #ShapeExpertNetwork #LiveBetterLongerFitter | AC37: =SUM(X37:AB37) | AD37: C17

Sheet Ringkasan
A1: Ringkasan produksi (otomatis dari sheet Kalender)
A3: Status Produksi | B3: Jumlah
A4: Belum dikerjakan (di luar skill carousel) | B4: =COUNTIF(Kalender!$Q$6:$Q$37,A4)
A5: Referensi (belum PPTX) | B5: =COUNTIF(Kalender!$Q$6:$Q$37,A5)
A6: Draft jadi | B6: =COUNTIF(Kalender!$Q$6:$Q$37,A6)
A7: Draft + menunggu aset/data | B7: =COUNTIF(Kalender!$Q$6:$Q$37,A7)
A8: Siap posting | B8: =COUNTIF(Kalender!$Q$6:$Q$37,A8)
A9: Sudah posted | B9: =COUNTIF(Kalender!$Q$6:$Q$37,A9)
A10: Total konten | B10: =COUNTA(Kalender!$A$6:$A$37)
A12: Per tipe | B12: Jumlah
A13: Regular | B13: =COUNTIF(Kalender!$D$6:$D$37,"Regular")
A14: Campaign | B14: =COUNTIF(Kalender!$D$6:$D$37,"Campaign")
A15: Carousel (C) | B15: =COUNTIF(Kalender!$A$6:$A$37,"C*")
A16: Reels/Story (R) | B16: =COUNTIF(Kalender!$A$6:$A$37,"R*")

Sheet Catatan
A1: Catatan perubahan dan cara pakai
A3: Yang dirapikan
A4: 1. Id Content dipindah ke kolom pertama dan diberi skema konsisten: Carousel = C01-C17, Reels/Story = R01-R15, urut sesuai kalender. Id lama berisi duplikat (C01 s/d C07 muncul dua kali, mulai Okt W3) dan banyak baris kosong; semuanya disimpan di kolom paling kanan 'Id Lama' agar bisa ditelusuri.
A5: 2. 'Vanity Matrics' dibetulkan jadi 'Vanity Metrics'. Ditambah kolom 'Total Engagement' (rumus jumlah Like+Comment+Share+Save+Repost).
A6: 3. Tanda kutip nyasar di awal kolom Draft Caption/Hook (artefak awalan apostrof Excel, mis. "Buka HP niatnya...") diganti kutip lengkung. Isi kalimat tidak diubah.
A7: 4. Di baris Nov W4 Recap, rujukan 'layout recap row 12' diganti 'layout recap C04' karena nomor baris sudah tidak berlaku.
A8: 5. Warna: hijau = Regular, kuning = Campaign; kolom Segmen biru = B2B, oranye = B2C. Baris dipisah garis tebal per bulan. Header, filter, dan freeze panes dipasang.
A9: 6. Kolom baru: Status Produksi (dropdown), File PPTX (repo), Folder Carousel (repo). Note / Revisi diisi pertanyaan terbuka tiap carousel. Caption (siap copas) diisi dari caption.txt tiap carousel.
A11: Link repo
A12: Tautan memakai branch kerja: https://github.com/aljihadjundy-oss/jundy-aljihad/tree/claude/hopeful-thompson-czlqva. Kalau branch di-merge ke main lalu dihapus, tautan putus. Cara memperbaiki: Find & Replace '/claude/hopeful-thompson-czlqva/' dengan '/main/' di kolom File PPTX dan Folder Carousel.
A13: Repo bersifat privat/terbatas: tautan hanya terbuka untuk akun yang punya akses.
A15: Belum ada file di repo
... A21: - Beberapa posisi jam/hari posting bertabrakan di minggu yang sama (mis. C16 dan C17 sama-sama Des W4): pertimbangkan beda hari.
